1,Hobey,85,91
2,Debee,68,56
3,Belinda,23,49
4,Lynelle,48,60
5,Tedmund,20,74
6,Dukie,44,37
7,Katine,86,11
8,Damita,26,90
9,Irma,57,65
10,Lyssa,29,15
11,Gipsy,23,82
12,Devondra,25,95
13,Myles,14,39
14,Arlina,36,36
15,Lynn,13,69
16,Ellie,12,60
17,Waldon,8,70
18,Doti,20,78
19,Ashien,43,1
20,Francene,9,11
21,Moritz,95,52
22,Emma,79,96
23,Dunc,78,7
24,Alayne,99,13
25,Melisande,62,46
26,Samara,69,56
27,Portie,48,14
28,James,42,88
29,Camella,90,48
30,Tiler,95,10
31,Kendall,29,26
32,Natty,23,83
33,Sloane,96,43
34,Wallie,55,87
35,Kirby,65,49
36,Tedda,33,56
37,Ly,48,5
38,Deanne,64,79
39,Phil,13,47
40,Benny,44,96
41,Conni,12,27
42,Napoleon,42,26
43,Nathanael,96,29
44,Suellen,57,8
45,Rakel,90,17
46,Tera,77,20
47,Perceval,87,3
48,Karine,80,39
49,Constantina,26,90
50,Elyse,94,55
51,Meade,9,33
52,Mikkel,12,22
53,Lenora,95,36
54,Marta,87,42
55,Udale,51,58
56,Sunny,81,93
57,Kennie,48,89
58,Analise,8,87
59,Meredith,26,12
60,Demetris,19,72
61,Nelly,24,39
62,Wendie,81,40
63,Maddy,70,11
64,Kip,35,96
65,Stirling,98,59
66,Slade,7,35
67,Emmalynn,46,84
68,Barbey,24,4
69,Stephenie,92,91
70,Hill,11,90
71,Danielle,93,16
72,Alf,40,6
73,Mair,32,30
74,Reinold,82,42
75,Aimee,67,49
76,Gerta,91,75
77,Bernard,88,70
78,Steffi,15,95
79,Jacquelin,59,12
80,Melissa,60,59
81,Malory,55,9
82,Laura,48,10
83,Kath,99,97
84,Raimund,89,51
85,Orion,30,41
86,Junette,23,87
87,Collete,89,75
88,Rabbi,75,35
89,Ruprecht,87,22
90,Towny,73,71
91,Elana,100,60
92,Nanni,30,24
93,Flori,31,2
94,Ulysses,7,87
95,Janna,46,98
96,Chiarra,74,30
97,Estele,82,84
98,Joel,66,90
99,Nancie,56,34
100,Jermaine,10,73
101,Mercedes,82,67
102,Louisa,51,53
103,Dill,37,89
104,Leda,40,9
105,Pryce,70,80
106,Florencia,29,44
107,Ola,44,80
108,Korrie,64,22
109,Filmore,89,41
110,Beltran,59,13
111,Gusella,49,84
112,Gwynne,99,22
113,Kristyn,85,12
114,Mahala,32,2
115,Yanaton,94,72
116,Torey,91,99
117,Brandice,25,96
118,Lyndy,25,13
119,Loria,68,44
120,Aile,15,32
121,Lionello,100,14
122,Kellia,87,18
123,Sophia,26,49
124,Joanne,20,93
125,Bunni,35,32
126,Ewan,72,98
127,Caitlin,97,88
128,Jacqui,34,67
129,Maureen,35,56
130,Wolfgang,11,9
131,Tomasine,33,63
132,Corrine,100,50
133,Margette,69,88
134,Jerrie,53,34
135,Consalve,8,7
136,Karim,44,20
137,Waite,95,21
138,Sadye,63,89
139,Marshall,50,43
140,Bobbee,73,100
141,Lorene,6,38
142,Jessa,47,69
143,Giralda,83,33
144,Vince,53,92
145,Dov,67,15
146,Kandace,11,35
147,Mickie,76,95
148,Clair,87,12
149,Glen,60,46
150,Ario,70,90
151,Lynnelle,78,56
152,Legra,40,87
153,Donavon,5,77
154,Billye,1,6
155,Wesley,17,93
156,Byran,61,22
157,Brewster,8,15
158,Kattie,27,8
159,Liz,53,49
160,Holt,44,59
161,Barbee,73,83
162,Rikki,98,12
163,Julita,68,98
164,Phillipe,57,91
165,Osbourne,58,47
166,Frank,51,85
167,Elayne,78,60
168,Boycie,69,65
169,Olivier,75,46
170,Brod,10,59
171,Dorice,8,9
172,Bernardo,45,1
173,Lesley,3,84
174,Harrison,83,18
175,Des,36,38
176,Scot,91,1
177,Tucker,1,2
178,Papageno,51,93
179,Burgess,96,26
180,Bertram,13,68
181,Wini,76,65
182,Aylmer,82,68
183,Adele,15,100
184,Scottie,60,77
185,Justin,82,70
186,Raina,37,70
187,Basilio,9,65
188,Maddy,95,6
189,Terri-jo,93,18
190,Heriberto,7,37
191,Wolfie,76,7
192,Kariotta,61,43
193,Brandea,96,37
194,Baillie,29,84
195,Hailey,97,40
196,Imelda,43,81
197,Mic,92,23
198,Shepperd,22,96
199,Aeriel,23,83
200,Malinda,34,31
201,Melody,59,24
202,Kristine,61,89
203,Jermaine,54,81
204,Vanny,33,31
205,Benito,5,88
206,Rhona,76,30
207,Heriberto,87,39
208,Thaxter,47,58
209,Pernell,5,59
210,Evangelin,41,54
211,Vanda,74,62
212,Vivianna,78,35
213,Lanie,8,55
214,Livia,18,73
215,Bancroft,51,21
216,Nicoli,73,39
217,Coralie,4,33
218,Christiano,70,91
219,Vivianne,4,77
220,Farleigh,57,37
221,Paulie,65,72
222,Boote,86,11
223,Lind,57,49
224,Lenci,16,87
225,Svend,100,71
226,Ardella,35,75
227,Jordon,88,89
228,Darbie,86,55
229,Angeline,65,53
230,Gavra,9,47
231,Hilliary,9,59
232,Torey,94,36
233,Lianna,98,45
234,Courtney,35,67
235,Jabez,52,92
236,Kendrick,30,37
237,Kaleb,35,24
238,Jonis,21,25
239,Nerte,32,45
240,Kathrine,29,22
241,Granny,63,79
242,Phaedra,62,66
243,Brenda,84,34
244,Hannis,57,54
245,Dickie,55,62
246,Benedetta,86,78
247,Rozalin,79,30
248,Celestyna,45,64
249,Mahala,79,3
250,Dian,48,23
251,Lily,56,12
252,Gennie,77,15
253,Brendin,70,79
254,Mireielle,88,10
255,Jaime,73,56
256,Aleece,47,81
257,Halimeda,25,61
258,Doralynne,60,40
259,Blinny,36,87
260,Giraud,9,37
261,Jeri,94,53
262,Belita,37,87
263,Arlina,10,3
264,Jorrie,43,37
265,Philip,12,78
266,Celesta,13,1
267,Martin,47,88
268,Hilliary,69,85
269,Carly,76,14
270,Lethia,85,78
271,Astrid,25,11
272,Izaak,31,93
273,Florrie,2,31
274,Ezechiel,57,38
275,Davine,65,43
276,Allsun,30,79
277,Yancey,39,80
278,Jesselyn,5,33
279,Rosalynd,90,26
280,Niels,17,70
281,Kizzee,22,45
282,Arluene,42,78
283,Malissa,61,52
284,Goddard,54,17
285,Hew,42,56
286,Caldwell,48,83
287,Winna,97,86
288,Kerianne,69,79
289,Merle,99,75
290,Marcel,89,60
291,Cull,21,31
292,Alvis,38,96
293,Davie,46,41
294,Rozina,51,51
295,Ernesta,99,31
296,Wells,26,4
297,Gerome,91,53
298,Christye,43,93
299,Gerri,90,67
300,Regina,36,59
301,Gibby,82,21
302,Lainey,18,17
303,Wynn,34,100
304,Putnem,19,2
305,Erina,59,73
306,Elinor,31,76
307,Conant,13,19
308,Debra,66,85
309,Correy,24,18
310,Laure,36,16
311,Ethelda,34,96
312,Kathlin,97,21
313,Melisenda,6,18
314,Harrietta,77,47
315,Ania,43,77
316,Henri,37,27
317,Siouxie,7,70
318,Guillema,16,32
319,Cristobal,95,61
320,Elwira,98,36
321,Tessie,65,61
322,Lilia,71,31
323,Basia,46,92
324,Jan,29,29
325,Krispin,8,77
326,Wandis,28,60
327,Bidget,52,73
328,Biddy,78,73
329,Dianna,87,4
330,Naomi,2,29
331,Ola,91,64
332,Farr,86,96
333,Estel,68,52
334,Alaric,21,79
335,Amelie,70,96
336,Felic,73,5
337,Harv,78,27
338,Oswald,70,85
339,Audry,26,55
340,Vevay,20,77
341,Jameson,31,70
342,Fanni,97,42
343,Dasie,100,31
344,Ariella,3,32
345,Darda,77,3
346,Chelsea,6,52
347,Tomas,70,26
348,Leon,21,75
349,Oriana,80,51
350,Galven,90,79
351,Datha,5,61
352,Ruthanne,34,21
353,Court,73,13
354,Conchita,24,72
355,Rebekah,80,91
356,Kathi,43,5
357,Herculie,22,14
358,Brandtr,2,53
359,Pen,69,19
360,Silvester,44,80
361,Dillie,36,61
362,Salvatore,35,96
363,Nadine,30,49
364,Jone,61,27
365,Maxi,37,91
366,Pyotr,58,14
367,Yehudit,9,46
368,Darell,29,66
369,Veda,53,84
370,Kleon,52,22
371,Humfried,64,97
372,Quentin,16,46
373,Alfonso,81,48
374,Morena,14,1
375,Rhodie,62,81
376,Wilma,69,32
377,Antony,23,8
378,Natty,7,47
379,Carney,100,75
380,Claribel,77,52
381,Crichton,64,77
382,Sibelle,1,7
383,Natalie,5,24
384,Chip,51,18
385,Delano,27,44
386,Halsy,71,53
387,Gael,98,33
388,Katti,71,17
389,Giffer,40,61
390,Maggy,24,72
391,Lucille,94,50
392,Ofelia,87,66
393,Sallee,69,82
394,Jasper,66,87
395,Bobbie,12,55
396,Ernaline,82,71
397,Jewell,75,15
398,Nowell,56,11
399,Carlyle,59,50
400,Giuditta,54,82
401,Suzi,98,92
402,Celestina,95,77
403,Rhiamon,95,49
404,Van,23,99
405,Horton,75,2
406,Sheilah,72,41
407,Woodie,25,3
408,Bank,24,33
409,Amara,20,48
410,Prue,22,64
411,Sibyl,33,86
412,Alastair,63,90
413,Nichole,63,53
414,Orella,61,98
415,Dianemarie,39,62
416,Tresa,81,50
417,Byram,40,36
418,Carolynn,16,42
419,Odell,10,93
420,Reginauld,66,65
421,Elias,83,16
422,Somerset,99,55
423,Ashleigh,78,50
424,Miran,71,69
425,Gerda,26,15
426,Dionis,89,83
427,Denice,68,7
428,Reilly,96,20
429,Cynthia,20,63
430,Elise,89,58
431,Prentiss,61,17
432,Peta,32,66
433,Virginie,66,8
434,Daile,68,44
435,Lura,99,67
436,Davis,84,15
437,Ninon,57,20
438,Tadd,43,43
439,Raina,42,71
440,Gil,59,42
441,Wanda,69,69
442,Maggee,1,92
443,Aime,49,47
444,Roseanne,34,42
445,Brewer,84,33
446,Fergus,79,58
447,Windham,99,16
448,Wren,92,9
449,Gay,20,92
450,Natalee,77,79
451,Arri,95,57
452,Julee,99,22
453,Chris,16,12
454,Tess,59,98
455,Butch,37,14
456,Bibby,98,18
457,Bronny,86,6
458,Timothy,58,55
459,Ivette,18,29
460,Richard,86,11
461,Farlee,28,84
462,Salome,77,70
463,Bernadina,19,49
464,Joyous,82,99
465,Adlai,27,46
466,Marita,57,48
467,Flory,33,54
468,Trey,78,78
469,Geoffrey,37,97
470,Nerte,42,77
471,Hyacinth,88,78
472,Lenna,12,93
473,Noreen,53,3
474,Georges,13,49
475,Laurel,2,44
476,Ozzy,73,2
477,Grantley,13,100
478,Hilary,10,19
479,Thaxter,51,30
480,Conrade,44,92
481,Lita,50,53
482,Vern,10,6
483,Kikelia,61,39
484,Leonore,8,45
485,Annabelle,4,37
486,Jule,64,85
487,Benny,3,35
488,Georgeta,60,44
489,Georgette,4,35
490,Eilis,43,82
491,Stafani,79,54
492,Conrade,53,73
493,Ray,27,43
494,Lorant,87,48
495,Hy,60,33
496,Rafe,35,71
497,Lincoln,71,4
498,Neda,28,53
499,Arlen,65,2
500,Rhodie,57,8
501,Heida,61,7
502,Vikki,63,52
503,Fayina,24,18
504,Lyn,69,65
505,Ad,21,78
506,Gabey,16,73
507,Michal,45,35
508,Linnie,54,68
509,Herta,83,32
510,Hallie,61,41
511,Carrissa,22,9
512,Zorah,89,46
513,Nanice,37,51
514,Willetta,58,58
515,Mario,5,96
516,Nertie,27,96
517,Ronda,19,91
518,Raffarty,95,27
519,Selena,10,85
520,Marcelo,51,39
521,Montague,69,17
522,Iosep,24,70
523,Hephzibah,31,68
524,Carolann,78,82
525,Brandy,82,27
526,Kirby,55,84
527,Grant,34,23
528,Dore,19,37
529,Darci,52,76
530,Raffaello,88,36
531,Perrine,8,23
532,Bobbee,4,19
533,Herman,43,81
534,Nonnah,36,41
535,Vasilis,77,45
536,Eva,56,96
537,Barbabas,97,11
538,Dannie,55,1
539,Orion,32,91
540,Annadiane,86,37
541,Nikola,50,52
542,Bearnard,68,88
543,Gayleen,91,93
544,Georgie,51,48
545,Rowney,44,47
546,Clarice,33,46
547,Lolita,82,79
548,Whitby,65,58
549,Conchita,63,48
550,Temple,6,54
551,Rory,83,98
552,Lily,76,15
553,Yurik,49,10
554,Ella,29,58
555,Georgina,97,16
556,Chaim,89,77
557,Jemimah,28,3
558,Terrell,58,9
559,Tripp,98,56
560,Elli,71,79
561,Denna,34,72
562,Dame,8,45
563,Petr,98,36
564,Kimberlee,79,39
565,Bethina,100,79
566,Redd,91,45
567,Andriette,24,83
568,Isidora,27,32
569,Carlyn,33,27
570,Olimpia,51,26
571,Maximilien,41,7
572,Florinda,51,35
573,Redford,31,19
574,Auberon,54,64
575,Indira,71,98
576,Lonna,6,31
577,Issi,67,78
578,Ned,9,15
579,Therese,8,75
580,Silas,83,14
581,Andy,89,98
582,Clarke,99,23
583,Nathalia,61,12
584,Jillayne,19,63
585,Inness,19,3
586,Ciel,33,25
587,Andy,18,97
588,Tabb,82,73
589,Madalyn,59,7
590,Edmund,4,45
591,Cyb,36,93
592,Archy,80,73
593,Carlos,34,84
594,Arlena,1,11
595,Courtnay,25,75
596,Alexis,17,45
597,Aliza,99,20
598,Minna,9,98
599,Nellie,87,75
600,Nona,34,2
601,Roxane,29,60
602,Amalita,86,43
603,Devinne,20,8
604,Jessica,84,67
605,Xaviera,6,49
606,Wallie,5,31
607,Eldridge,34,48
608,Lusa,97,22
609,Ahmed,60,86
610,Edvard,16,5
611,Linc,19,42
612,Colby,64,39
613,Joaquin,8,18
614,Mala,16,11
615,Yolanda,88,57
616,Jehu,28,46
617,Merlina,29,12
618,Carleen,74,58
619,Wit,22,58
620,Susannah,1,85
621,Caralie,37,34
622,Nadya,70,83
623,Peggy,90,86
624,Mirabelle,50,82
625,Tilda,92,35
626,Milli,23,23
627,Carena,32,88
628,Dominga,74,37
629,Madlin,38,9
630,Corrie,93,39
631,Charita,13,17
632,Palm,83,63
633,Nanci,69,65
634,Julia,25,99
635,Geoffry,56,61
636,Jacqui,75,10
637,Alexi,66,58
638,Mirabella,34,38
639,Andrej,23,30
640,Matty,92,58
641,Othella,2,73
642,Vincents,65,67
643,Naomi,14,15
644,Leontine,3,27
645,Aylmar,59,81
646,Laurice,32,100
647,Winfield,90,46
648,Aigneis,84,57
649,Brander,91,63
650,Melissa,14,85
651,Ysabel,9,79
652,Kennan,84,53
653,Ethelin,49,36
654,Rosanna,92,70
655,Marigold,7,24
656,Lutero,95,65
657,Gallagher,44,44
658,Johan,64,65
659,Albie,45,11
660,Silvain,40,6
661,Pattin,52,27
662,Raviv,100,46
663,Aurilia,86,7
664,Chilton,28,75
665,Nico,37,14
666,Lenette,79,46
667,Annamarie,96,16
668,Sutton,2,88
669,Dar,56,89
670,Carly,91,86
671,Shay,45,14
672,Tamara,9,91
673,Tiffani,86,72
674,Colman,66,14
675,Chico,26,20
676,Portia,49,65
677,Lucian,52,88
678,Cyndi,38,11
679,Gary,15,45
680,Doria,44,19
681,Chrissy,73,1
682,Elvis,56,72
683,Konstantin,85,73
684,Even,80,63
685,Antons,21,32
686,Olivie,32,68
687,Fair,15,39
688,Lev,44,19
689,Jeanette,53,9
690,Lina,70,15
691,Clarice,30,94
692,Mack,17,34
693,Daryle,6,63
694,Huntley,59,89
695,Minette,6,66
696,May,43,41
697,Tabbatha,44,36
698,Jarib,99,10
699,Eran,78,45
700,Lia,17,88
701,Aridatha,24,24
702,Melisa,37,8
703,Jocelyne,12,70
704,Orren,78,79
705,Christal,29,93
706,Thorsten,15,74
707,Alexa,71,69
708,Helli,41,53
709,Elora,99,73
710,Kimbell,47,51
711,Anica,88,64
712,Scot,18,42
713,Pinchas,80,83
714,Briant,86,14
715,Korey,65,29
716,Cecilla,71,86
717,Modestia,13,11
718,Sibilla,90,70
719,Gasparo,6,8
720,Kathlin,36,83
721,Humberto,82,73
722,Towny,15,77
723,Richardo,39,62
724,Dosi,53,18
725,Richy,98,76
726,Tabina,99,92
727,Alanson,35,97
728,Asa,64,49
729,Honey,3,16
730,Shellie,50,4
731,Lizbeth,29,89
732,Gordy,35,48
733,Giacomo,12,31
734,Chane,65,71
735,Shayne,15,86
736,Dannie,39,76
737,Daniela,37,88
738,Darcy,23,64
739,Findley,41,39
740,Caprice,79,21
741,Ferdinande,8,82
742,Kikelia,61,40
743,Earl,97,81
744,Appolonia,70,34
745,Dania,49,30
746,Korie,20,9
747,Mozes,50,31
748,Jerrine,9,9
749,Nevins,92,60
750,Rosaleen,78,7
751,Cara,5,97
752,Salim,49,87
753,Kizzee,37,44
754,Silvanus,54,20
755,Anette,38,61
756,Celesta,79,62
757,Farly,15,16
758,Doralia,95,28
759,Jamison,38,55
760,Tremaine,69,82
761,Kareem,45,66
762,Ruben,34,19
763,Beatrice,100,8
764,Woody,9,48
765,Conant,67,61
766,Baird,34,60
767,Coop,54,49
768,Darin,39,91
769,Cornelius,24,79
770,Erastus,13,19
771,Saloma,11,46
772,Cassandre,58,3
773,Dionisio,57,76
774,Hamlin,82,53
775,Dulce,88,33
776,Jimmy,1,28
777,Chaunce,27,92
778,Boonie,44,75
779,Carlos,57,24
780,Abby,19,70
781,Sutherland,23,83
782,Christye,62,61
783,Dannye,49,39
784,Marisa,66,26
785,Dunc,60,69
786,Niall,26,45
787,Peder,43,55
788,Grantham,9,63
789,Jeniece,68,74
790,Gretel,49,92
791,Brewster,97,44
792,Roxie,51,62
793,Jobi,42,20
794,Crystie,64,86
795,Philippe,23,27
796,Cobb,18,67
797,Isabeau,27,69
798,Ranice,91,40
799,Arlyn,13,78
800,Estelle,15,93
801,Cecilius,54,87
802,William,37,93
803,Stella,21,57
804,Kettie,49,2
805,Taddeusz,22,95
806,Alicea,87,26
807,Cammi,39,64
808,Geneva,22,84
809,Laurens,68,75
810,Rodi,63,91
811,Melicent,60,40
812,Sarene,71,15
813,Shay,84,54
814,Julieta,95,33
815,Belinda,16,28
816,Cullen,33,100
817,Elaina,32,49
818,Eduardo,97,23
819,Viole,83,47
820,Bendick,12,87
821,Stavro,16,35
822,Oriana,63,54
823,Antoine,49,18
824,Wright,83,9
825,Gearard,89,1
826,Timotheus,46,9
827,Zak,60,26
828,Estele,84,26
829,Walliw,50,77
830,Therese,15,37
831,Shanna,8,87
832,Emylee,72,87
833,Trix,57,86
834,Lisha,60,44
835,Jeanette,43,95
836,Suzanna,36,14
837,Chane,89,96
838,Colver,92,48
839,Mordecai,39,75
840,Curry,62,62
841,Solomon,9,53
842,Breanne,96,27
843,Kaleb,58,15
844,Darrin,60,14
845,Rosita,24,22
846,Jenilee,44,8
847,Phylys,99,93
848,Elwyn,97,19
849,Alastair,78,62
850,Peggi,20,18
851,Ernesta,87,11
852,Conny,46,74
853,Ula,5,29
854,Elna,10,60
855,Rozella,57,27
856,Wileen,40,93
857,Nigel,29,13
858,Bradford,69,98
859,Jule,69,66
860,Gilberto,61,60
861,Lou,15,26
862,Antonina,55,42
863,Marthena,15,34
864,Natassia,88,73
865,Jessalin,74,68
866,Malvina,73,26
867,Symon,81,46
868,Gav,98,45
869,Ira,66,90
870,Lilli,20,77
871,Bear,9,76
872,Hanni,75,57
873,Candy,50,8
874,Goldarina,96,30
875,Sileas,88,49
876,Raimundo,45,70
877,Rance,7,9
878,Gaylord,57,70
879,Fleming,28,61
880,Brade,15,86
881,Andra,57,100
882,Annabal,54,44
883,Pansy,66,26
884,Tammara,8,61
885,Nomi,8,38
886,Hale,92,57
887,Eadith,37,86
888,Guglielma,66,59
889,Verge,25,4
890,Eleni,74,74
891,Corey,46,52
892,Mario,98,54
893,Kanya,16,69
894,Sisile,41,42
895,Marcella,59,50
896,Florri,42,39
897,Annie,52,89
898,Xever,2,15
899,Christophorus,12,81
900,Roxane,25,7
901,Mallorie,29,87
902,Jayme,68,8
903,Kennie,86,68
904,Jere,10,89
905,Gregory,45,9
906,Shelagh,56,78
907,Michelina,69,79
908,Teddi,38,44
909,Douglass,5,86
910,Calypso,11,13
911,Sibbie,51,10
912,Vidovic,53,88
913,Cathrin,26,51
914,Clary,45,42
915,Chelsy,60,12
916,Gerianne,45,26
917,Mable,62,32
918,Vittorio,17,38
919,Margery,78,44
920,Albrecht,46,77
921,Yetta,26,73
922,Manon,40,42
923,Renato,42,5
924,Banky,31,20
925,Bradley,70,53
926,Frederich,29,85
927,Fancie,76,36
928,Taylor,83,67
929,Rosabelle,54,36
930,Bonnee,28,28
931,Pierette,77,48
932,Larisa,65,43
933,Valdemar,44,64
934,Guenevere,52,65
935,Clarice,50,56
936,Laney,32,10
937,Benedetta,71,79
938,Dani,100,50
939,Lenora,62,99
940,Boony,93,59
941,Federica,30,56
942,Darcee,54,68
943,Griswold,40,61
944,Vicki,48,83
945,Allyn,100,29
946,Cleve,45,54
947,Aaren,1,99
948,Kimmie,69,41
949,Marcela,43,14
950,Gregorio,87,61
951,Hilton,18,33
952,Scarlet,86,3
953,Freddy,63,27
954,Ezmeralda,11,1
955,Noell,7,98
956,Fidel,87,94
957,Sharron,24,67
958,Jordan,16,54
959,Erie,20,35
960,Barr,47,55
961,Elvira,50,43
962,Shannen,4,98
963,Yasmeen,8,62
964,Ulrika,51,81
965,Sax,33,72
966,Kynthia,1,82
967,Ethelbert,81,65
968,Stanly,74,23
969,Maxine,37,20
970,Elisabeth,12,7
971,Murray,54,89
972,Benedicta,52,16
973,Constantina,83,57
974,Valeria,14,67
975,Patin,53,34
976,Halsy,75,67
977,Francene,39,63
978,Patrice,21,31
979,Lianne,28,95
980,Barth,8,63
981,Calypso,55,31
982,Grayce,83,18
983,Anjanette,84,21
984,Dmitri,68,74
985,Randie,24,54
986,Elroy,45,97
987,Duky,30,35
988,Estrella,29,35
989,Harley,4,99
990,Karee,37,100
991,Anette,60,1
992,Ernaline,49,39
993,Ermengarde,58,96
994,Adrien,68,11
995,Colver,96,34
996,Conn,53,85
997,Shena,80,25
998,Delora,12,10
999,Corney,8,83
1000,Jasmin,90,97
